Workbook

Sheet Forecast_Model
A1: Section 1: Forecast_Model Purpose: Calculations only
A2: Observation | B2: Demand | C2: Naive Forecast | D2: Cumulative Mean | E2: Moving Average (N=3) | F2: Moving Average (N=5) | G2: Exponential Smoothing Forecast | I2: Alpha (Exponential Smoothing)
A3: 1 | B3: 96 | G3: 96 | I3: Alpha_ES: | J3: 0.5
A4: 2 | B4: 98 | C4: =B3 -> 96 | G4: =ROUND($J$3*B3+(1-$J$3)*G3,0) -> 96
A5: 3 | B5: 103 | C5: =B4 -> 98 | D5: =ROUND(AVERAGE($B$3:B4),0) -> 97 | G5: =ROUND($J$3*B4+(1-$J$3)*G4,0) -> 97
A6: 4 | B6: 97 | C6: =B5 -> 103 | D6: =ROUND(AVERAGE($B$3:B5),0) -> 99 | E6: =ROUND(AVERAGE(B3:B5),0) -> 99 | G6: =ROUND($J$3*B5+(1-$J$3)*G5,0) -> 100
A7: 5 | B7: 104 | C7: =B6 -> 97 | D7: =ROUND(AVERAGE($B$3:B6),0) -> 99 | E7: =ROUND(AVERAGE(B4:B6),0) -> 99 | G7: =ROUND($J$3*B6+(1-$J$3)*G6,0) -> 99
A8: 6 | B8: 96 | C8: =B7 -> 104 | D8: =ROUND(AVERAGE($B$3:B7),0) -> 100 | E8: =ROUND(AVERAGE(B5:B7),0) -> 101 | F8: =ROUND(AVERAGE(B3:B7),0) -> 100 | G8: =ROUND($J$3*B7+(1-$J$3)*G7,0) -> 102
A9: 7 | B9: 103 | C9: =B8 -> 96 | D9: =ROUND(AVERAGE($B$3:B8),0) -> 99 | E9: =ROUND(AVERAGE(B6:B8),0) -> 99 | F9: =ROUND(AVERAGE(B4:B8),0) -> 100 | G9: =ROUND($J$3*B8+(1-$J$3)*G8,0) -> 99
A10: 8 | B10: 103 | C10: =B9 -> 103 | D10: =ROUND(AVERAGE($B$3:B9),0) -> 100 | E10: =ROUND(AVERAGE(B7:B9),0) -> 101 | F10: =ROUND(AVERAGE(B5:B9),0) -> 101 | G10: =ROUND($J$3*B9+(1-$J$3)*G9,0) -> 101
A11: 9 | B11: 103 | C11: =B10 -> 103 | D11: =ROUND(AVERAGE($B$3:B10),0) -> 100 | E11: =ROUND(AVERAGE(B8:B10),0) -> 101 | F11: =ROUND(AVERAGE(B6:B10),0) -> 101 | G11: =ROUND($J$3*B10+(1-$J$3)*G10,0) -> 102
A12: 10 | B12: 103 | C12: =B11 -> 103 | D12: =ROUND(AVERAGE($B$3:B11),0) -> 100 | E12: =ROUND(AVERAGE(B9:B11),0) -> 103 | F12: =ROUND(AVERAGE(B7:B11),0) -> 102 | G12: =ROUND($J$3*B11+(1-$J$3)*G11,0) -> 103
A13: 11 | B13: 99 | C13: =B12 -> 103 | D13: =ROUND(AVERAGE($B$3:B12),0) -> 101 | E13: =ROUND(AVERAGE(B10:B12),0) -> 103 | F13: =ROUND(AVERAGE(B8:B12),0) -> 102 | G13: =ROUND($J$3*B12+(1-$J$3)*G12,0) -> 103
A14: 12 | B14: 103 | C14: =B13 -> 99 | D14: =ROUND(AVERAGE($B$3:B13),0) -> 100 | E14: =ROUND(AVERAGE(B11:B13),0) -> 102 | F14: =ROUND(AVERAGE(B9:B13),0) -> 102 | G14: =ROUND($J$3*B13+(1-$J$3)*G13,0) -> 101
A15: 13 | B15: 100 | C15: =B14 -> 103 | D15: =ROUND(AVERAGE($B$3:B14),0) -> 101 | E15: =ROUND(AVERAGE(B12:B14),0) -> 102 | F15: =ROUND(AVERAGE(B10:B14),0) -> 102 | G15: =ROUND($J$3*B14+(1-$J$3)*G14,0) -> 102
A16: 14 | B16: 105 | C16: =B15 -> 100 | D16: =ROUND(AVERAGE($B$3:B15),0) -> 101 | E16: =ROUND(AVERAGE(B13:B15),0) -> 101 | F16: =ROUND(AVERAGE(B11:B15),0) -> 102 | G16: =ROUND($J$3*B15+(1-$J$3)*G15,0) -> 101
A17: 15 | B17: 96 | C17: =B16 -> 105 | D17: =ROUND(AVERAGE($B$3:B16),0) -> 101 | E17: =ROUND(AVERAGE(B14:B16),0) -> 103 | F17: =ROUND(AVERAGE(B12:B16),0) -> 102 | G17: =ROUND($J$3*B16+(1-$J$3)*G16,0) -> 103
A18: 16 | B18: 97 | C18: =B17 -> 96 | D18: =ROUND(AVERAGE($B$3:B17),0) -> 101 | E18: =ROUND(AVERAGE(B15:B17),0) -> 100 | F18: =ROUND(AVERAGE(B13:B17),0) -> 101 | G18: =ROUND($J$3*B17+(1-$J$3)*G17,0) -> 100
A19: 17 | B19: 103 | C19: =B18 -> 97 | D19: =ROUND(AVERAGE($B$3:B18),0) -> 100 | E19: =ROUND(AVERAGE(B16:B18),0) -> 99 | F19: =ROUND(AVERAGE(B14:B18),0) -> 100 | G19: =ROUND($J$3*B18+(1-$J$3)*G18,0) -> 99
... A32: 30 | B32: 98 | C32: =B31 -> 101 | D32: =ROUND(AVERAGE($B$3:B31),0) -> 100 | E32: =ROUND(AVERAGE(B29:B31),0) -> 99 | F32: =ROUND(AVERAGE(B27:B31),0) -> 101 | G32: =ROUND($J$3*B31+(1-$J$3)*G31,0) -> 100
A33: 31 | C33: =B32 -> 98 | D33: =ROUND(AVERAGE($B$3:B32),0) -> 100 | E33: =ROUND(AVERAGE(B30:B32),0) -> 98 | F33: =ROUND(AVERAGE(B28:B32),0) -> 100 | G33: =ROUND($J$3*B32+(1-$J$3)*G32,0) -> 99

Sheet Forecast_Errors
A1: Section 2: Forecast_Errors Purpose: Error calculation & accuracy evaluation
B2: Product A | C2: Naïve Forecast | G2: Cumulative Mean | K2: Moving Average (N=3) | O2: Moving Average (N=5) | S2: Exponential Smoothing Forecast
A3: Period | B3: Demand | C3: Forecast | D3: Error | E3: Abs % Error | F3: Squared Error | G3: Forecast | H3: Error | I3: Abs % Error | J3: Squared Error | K3: Forecast | L3: Error | M3: Abs % Error | N3: Squared Error | O3: Forecast | P3: Error | Q3: Abs % Error | R3: Squared Error | S3: Forecast | T3: Error | U3: Abs % Error | V3: Squared Error
A4: 1 | B4: 96 | S4: 96
A5: 2 | B5: 98 | C5: =Forecast_Model!C4 -> 96 | D5: =B5-C5 -> 2 | E5: =ABS(D5)/B5 -> 0.020408163 | F5: =D5^2 -> 4 | S5: =Forecast_Model!G4 -> 96 | T5: =B5-S5 -> 2 | U5: =ABS(T5)/B5 -> 0.020408163 | V5: =T5^2 -> 4
A6: 3 | B6: 103 | C6: =Forecast_Model!C5 -> 98 | D6: =B6-C6 -> 5 | E6: =ABS(D6)/B6 -> 0.048543689 | F6: =D6^2 -> 25 | G6: =Forecast_Model!D5 -> 97 | H6: =B6-G6 -> 6 | I6: =ABS(H6)/B6 -> 0.058252427 | J6: =H6^2 -> 36 | S6: =Forecast_Model!G5 -> 97 | T6: =B6-S6 -> 6 | U6: =ABS(T6)/B6 -> 0.058252427 | V6: =T6^2 -> 36
A7: 4 | B7: 97 | C7: =Forecast_Model!C6 -> 103 | D7: =B7-C7 -> -6 | E7: =ABS(D7)/B7 -> 0.06185567 | F7: =D7^2 -> 36 | G7: =Forecast_Model!D6 -> 99 | H7: =B7-G7 -> -2 | I7: =ABS(H7)/B7 -> 0.020618557 | J7: =H7^2 -> 4 | K7: =Forecast_Model!E6 -> 99 | L7: =B7-K7 -> -2 | M7: =ABS(L7)/B7 -> 0.020618557 | N7: =L7^2 -> 4 | S7: =Forecast_Model!G6 -> 100 | T7: =B7-S7 -> -3 | U7: =ABS(T7)/B7 -> 0.030927835 | V7: =T7^2 -> 9
A8: 5 | B8: 104 | C8: =Forecast_Model!C7 -> 97 | D8: =B8-C8 -> 7 | E8: =ABS(D8)/B8 -> 0.067307692 | F8: =D8^2 -> 49 | G8: =Forecast_Model!D7 -> 99 | H8: =B8-G8 -> 5 | I8: =ABS(H8)/B8 -> 0.048076923 | J8: =H8^2 -> 25 | K8: =Forecast_Model!E7 -> 99 | L8: =B8-K8 -> 5 | M8: =ABS(L8)/B8 -> 0.048076923 | N8: =L8^2 -> 25 | S8: =Forecast_Model!G7 -> 99 | T8: =B8-S8 -> 5 | U8: =ABS(T8)/B8 -> 0.048076923 | V8: =T8^2 -> 25
A9: 6 | B9: 96 | C9: =Forecast_Model!C8 -> 104 | D9: =B9-C9 -> -8 | E9: =ABS(D9)/B9 -> 0.083333333 | F9: =D9^2 -> 64 | G9: =Forecast_Model!D8 -> 100 | H9: =B9-G9 -> -4 | I9: =ABS(H9)/B9 -> 0.041666667 | J9: =H9^2 -> 16 | K9: =Forecast_Model!E8 -> 101 | L9: =B9-K9 -> -5 | M9: =ABS(L9)/B9 -> 0.052083333 | N9: =L9^2 -> 25 | O9: =Forecast_Model!F8 -> 100 | P9: =B9-O9 -> -4 | Q9: =ABS(P9)/B9 -> 0.041666667 | R9: =P9^2 -> 16 | S9: =Forecast_Model!G8 -> 102 | T9: =B9-S9 -> -6 | U9: =ABS(T9)/B9 -> 0.0625 | V9: =T9^2 -> 36
A10: 7 | B10: 103 | C10: =Forecast_Model!C9 -> 96 | D10: =B10-C10 -> 7 | E10: =ABS(D10)/B10 -> 0.067961165 | F10: =D10^2 -> 49 | G10: =Forecast_Model!D9 -> 99 | H10: =B10-G10 -> 4 | I10: =ABS(H10)/B10 -> 0.038834951 | J10: =H10^2 -> 16 | K10: =Forecast_Model!E9 -> 99 | L10: =B10-K10 -> 4 | M10: =ABS(L10)/B10 -> 0.038834951 | N10: =L10^2 -> 16 | O10: =Forecast_Model!F9 -> 100 | P10: =B10-O10 -> 3 | Q10: =ABS(P10)/B10 -> 0.029126214 | R10: =P10^2 -> 9 | S10: =Forecast_Model!G9 -> 99 | T10: =B10-S10 -> 4 | U10: =ABS(T10)/B10 -> 0.038834951 | V10: =T10^2 -> 16
A11: 8 | B11: 103 | C11: =Forecast_Model!C10 -> 103 | D11: =B11-C11 -> 0 | E11: =ABS(D11)/B11 -> 0 | F11: =D11^2 -> 0 | G11: =Forecast_Model!D10 -> 100 | H11: =B11-G11 -> 3 | I11: =ABS(H11)/B11 -> 0.029126214 | J11: =H11^2 -> 9 | K11: =Forecast_Model!E10 -> 101 | L11: =B11-K11 -> 2 | M11: =ABS(L11)/B11 -> 0.019417476 | N11: =L11^2 -> 4 | O11: =Forecast_Model!F10 -> 101 | P11: =B11-O11 -> 2 | Q11: =ABS(P11)/B11 -> 0.019417476 | R11: =P11^2 -> 4 | S11: =Forecast_Model!G10 -> 101 | T11: =B11-S11 -> 2 | U11: =ABS(T11)/B11 -> 0.019417476 | V11: =T11^2 -> 4
A12: 9 | B12: 103 | C12: =Forecast_Model!C11 -> 103 | D12: =B12-C12 -> 0 | E12: =ABS(D12)/B12 -> 0 | F12: =D12^2 -> 0 | G12: =Forecast_Model!D11 -> 100 | H12: =B12-G12 -> 3 | I12: =ABS(H12)/B12 -> 0.029126214 | J12: =H12^2 -> 9 | K12: =Forecast_Model!E11 -> 101 | L12: =B12-K12 -> 2 | M12: =ABS(L12)/B12 -> 0.019417476 | N12: =L12^2 -> 4 | O12: =Forecast_Model!F11 -> 101 | P12: =B12-O12 -> 2 | Q12: =ABS(P12)/B12 -> 0.019417476 | R12: =P12^2 -> 4 | S12: =Forecast_Model!G11 -> 102 | T12: =B12-S12 -> 1 | U12: =ABS(T12)/B12 -> 0.0097087379 | V12: =T12^2 -> 1
A13: 10 | B13: 103 | C13: =Forecast_Model!C12 -> 103 | D13: =B13-C13 -> 0 | E13: =ABS(D13)/B13 -> 0 | F13: =D13^2 -> 0 | G13: =Forecast_Model!D12 -> 100 | H13: =B13-G13 -> 3 | I13: =ABS(H13)/B13 -> 0.029126214 | J13: =H13^2 -> 9 | K13: =Forecast_Model!E12 -> 103 | L13: =B13-K13 -> 0 | M13: =ABS(L13)/B13 -> 0 | N13: =L13^2 -> 0 | O13: =Forecast_Model!F12 -> 102 | P13: =B13-O13 -> 1 | Q13: =ABS(P13)/B13 -> 0.0097087379 | R13: =P13^2 -> 1 | S13: =Forecast_Model!G12 -> 103 | T13: =B13-S13 -> 0 | U13: =ABS(T13)/B13 -> 0 | V13: =T13^2 -> 0
A14: 11 | B14: 99 | C14: =Forecast_Model!C13 -> 103 | D14: =B14-C14 -> -4 | E14: =ABS(D14)/B14 -> 0.04040404 | F14: =D14^2 -> 16 | G14: =Forecast_Model!D13 -> 101 | H14: =B14-G14 -> -2 | I14: =ABS(H14)/B14 -> 0.02020202 | J14: =H14^2 -> 4 | K14: =Forecast_Model!E13 -> 103 | L14: =B14-K14 -> -4 | M14: =ABS(L14)/B14 -> 0.04040404 | N14: =L14^2 -> 16 | O14: =Forecast_Model!F13 -> 102 | P14: =B14-O14 -> -3 | Q14: =ABS(P14)/B14 -> 0.03030303 | R14: =P14^2 -> 9 | S14: =Forecast_Model!G13 -> 103 | T14: =B14-S14 -> -4 | U14: =ABS(T14)/B14 -> 0.04040404 | V14: =T14^2 -> 16
A15: 12 | B15: 103 | C15: =Forecast_Model!C14 -> 99 | D15: =B15-C15 -> 4 | E15: =ABS(D15)/B15 -> 0.038834951 | F15: =D15^2 -> 16 | G15: =Forecast_Model!D14 -> 100 | H15: =B15-G15 -> 3 | I15: =ABS(H15)/B15 -> 0.029126214 | J15: =H15^2 -> 9 | K15: =Forecast_Model!E14 -> 102 | L15: =B15-K15 -> 1 | M15: =ABS(L15)/B15 -> 0.0097087379 | N15: =L15^2 -> 1 | O15: =Forecast_Model!F14 -> 102 | P15: =B15-O15 -> 1 | Q15: =ABS(P15)/B15 -> 0.0097087379 | R15: =P15^2 -> 1 | S15: =Forecast_Model!G14 -> 101 | T15: =B15-S15 -> 2 | U15: =ABS(T15)/B15 -> 0.019417476 | V15: =T15^2 -> 4
A16: 13 | B16: 100 | C16: =Forecast_Model!C15 -> 103 | D16: =B16-C16 -> -3 | E16: =ABS(D16)/B16 -> 0.03 | F16: =D16^2 -> 9 | G16: =Forecast_Model!D15 -> 101 | H16: =B16-G16 -> -1 | I16: =ABS(H16)/B16 -> 0.01 | J16: =H16^2 -> 1 | K16: =Forecast_Model!E15 -> 102 | L16: =B16-K16 -> -2 | M16: =ABS(L16)/B16 -> 0.02 | N16: =L16^2 -> 4 | O16: =Forecast_Model!F15 -> 102 | P16: =B16-O16 -> -2 | Q16: =ABS(P16)/B16 -> 0.02 | R16: =P16^2 -> 4 | S16: =Forecast_Model!G15 -> 102 | T16: =B16-S16 -> -2 | U16: =ABS(T16)/B16 -> 0.02 | V16: =T16^2 -> 4
A17: 14 | B17: 105 | C17: =Forecast_Model!C16 -> 100 | D17: =B17-C17 -> 5 | E17: =ABS(D17)/B17 -> 0.047619048 | F17: =D17^2 -> 25 | G17: =Forecast_Model!D16 -> 101 | H17: =B17-G17 -> 4 | I17: =ABS(H17)/B17 -> 0.038095238 | J17: =H17^2 -> 16 | K17: =Forecast_Model!E16 -> 101 | L17: =B17-K17 -> 4 | M17: =ABS(L17)/B17 -> 0.038095238 | N17: =L17^2 -> 16 | O17: =Forecast_Model!F16 -> 102 | P17: =B17-O17 -> 3 | Q17: =ABS(P17)/B17 -> 0.028571429 | R17: =P17^2 -> 9 | S17: =Forecast_Model!G16 -> 101 | T17: =B17-S17 -> 4 | U17: =ABS(T17)/B17 -> 0.038095238 | V17: =T17^2 -> 16
A18: 15 | B18: 96 | C18: =Forecast_Model!C17 -> 105 | D18: =B18-C18 -> -9 | E18: =ABS(D18)/B18 -> 0.09375 | F18: =D18^2 -> 81 | G18: =Forecast_Model!D17 -> 101 | H18: =B18-G18 -> -5 | I18: =ABS(H18)/B18 -> 0.052083333 | J18: =H18^2 -> 25 | K18: =Forecast_Model!E17 -> 103 | L18: =B18-K18 -> -7 | M18: =ABS(L18)/B18 -> 0.072916667 | N18: =L18^2 -> 49 | O18: =Forecast_Model!F17 -> 102 | P18: =B18-O18 -> -6 | Q18: =ABS(P18)/B18 -> 0.0625 | R18: =P18^2 -> 36 | S18: =Forecast_Model!G17 -> 103 | T18: =B18-S18 -> -7 | U18: =ABS(T18)/B18 -> 0.072916667 | V18: =T18^2 -> 49
A19: 16 | B19: 97 | C19: =Forecast_Model!C18 -> 96 | D19: =B19-C19 -> 1 | E19: =ABS(D19)/B19 -> 0.010309278 | F19: =D19^2 -> 1 | G19: =Forecast_Model!D18 -> 101 | H19: =B19-G19 -> -4 | I19: =ABS(H19)/B19 -> 0.041237113 | J19: =H19^2 -> 16 | K19: =Forecast_Model!E18 -> 100 | L19: =B19-K19 -> -3 | M19: =ABS(L19)/B19 -> 0.030927835 | N19: =L19^2 -> 9 | O19: =Forecast_Model!F18 -> 101 | P19: =B19-O19 -> -4 | Q19: =ABS(P19)/B19 -> 0.041237113 | R19: =P19^2 -> 16 | S19: =Forecast_Model!G18 -> 100 | T19: =B19-S19 -> -3 | U19: =ABS(T19)/B19 -> 0.030927835 | V19: =T19^2 -> 9
A20: 17 | B20: 103 | C20: =Forecast_Model!C19 -> 97 | D20: =B20-C20 -> 6 | E20: =ABS(D20)/B20 -> 0.058252427 | F20: =D20^2 -> 36 | G20: =Forecast_Model!D19 -> 100 | H20: =B20-G20 -> 3 | I20: =ABS(H20)/B20 -> 0.029126214 | J20: =H20^2 -> 9 | K20: =Forecast_Model!E19 -> 99 | L20: =B20-K20 -> 4 | M20: =ABS(L20)/B20 -> 0.038834951 | N20: =L20^2 -> 16 | O20: =Forecast_Model!F19 -> 100 | P20: =B20-O20 -> 3 | Q20: =ABS(P20)/B20 -> 0.029126214 | R20: =P20^2 -> 9 | S20: =Forecast_Model!G19 -> 99 | T20: =B20-S20 -> 4 | U20: =ABS(T20)/B20 -> 0.038834951 | V20: =T20^2 -> 16
... A33: 30 | B33: 98 | C33: =Forecast_Model!C32 -> 101 | D33: =B33-C33 -> -3 | E33: =ABS(D33)/B33 -> 0.030612245 | F33: =D33^2 -> 9 | G33: =Forecast_Model!D32 -> 100 | H33: =B33-G33 -> -2 | I33: =ABS(H33)/B33 -> 0.020408163 | J33: =H33^2 -> 4 | K33: =Forecast_Model!E32 -> 99 | L33: =B33-K33 -> -1 | M33: =ABS(L33)/B33 -> 0.010204082 | N33: =L33^2 -> 1 | O33: =Forecast_Model!F32 -> 101 | P33: =B33-O33 -> -3 | Q33: =ABS(P33)/B33 -> 0.030612245 | R33: =P33^2 -> 9 | S33: =Forecast_Model!G32 -> 100 | T33: =B33-S33 -> -2 | U33: =ABS(T33)/B33 -> 0.020408163 | V33: =T33^2 -> 4
A34: 31 | C34: =Forecast_Model!C33 -> 98 | G34: =Forecast_Model!D33 -> 100 | K34: =Forecast_Model!E33 -> 98 | O34: =Forecast_Model!F33 -> 100 | S34: =Forecast_Model!G33 -> 99
A36: Mean Error (ME): | B36: =AVERAGE(D5:D33) -> 0.068965517 | F36: =AVERAGE(H5:H33) -> 0.21428571 | J36: =AVERAGE(L5:L33) -> -0.18518519 | N36: =AVERAGE(P5:P33) -> -0.24 | R36: =AVERAGE(T5:T33) -> -0.10344828
A37: Mean Absolute Percent Error (MAPE): | B37: =AVERAGE(E5:E33) -> 0.037985983 | F37: =AVERAGE(I5:I33) -> 0.028491987 | J37: =AVERAGE(M5:M33) -> 0.03005752 | N37: =AVERAGE(Q5:Q33) -> 0.025684545 | R37: =AVERAGE(U5:U33) -> 0.031435032
A38: Mean Squared Error (MSE): | B38: =AVERAGE(F5:F33) -> 19.517241 | F38: =AVERAGE(J5:J33) -> 10.714286 | J38: =AVERAGE(N5:N33) -> 12.185185 | N38: =AVERAGE(R5:R33) -> 9.92 | R38: =AVERAGE(V5:V33) -> 13.137931

Sheet Method_Comparison
A1: Section 3: Method_Comparison & Selection
A3: Method | B3: ME | C3: MAPE | D3: MSE
A4: Naïve | B4: =Forecast_Errors!B36 -> 0.068965517 | C4: =Forecast_Errors!B37 -> 0.037985983 | D4: =Forecast_Errors!B38 -> 19.517241
A5: Cumulative Mean | B5: =Forecast_Errors!F36 -> 0.21428571 | C5: =Forecast_Errors!F37 -> 0.028491987 | D5: =Forecast_Errors!F38 -> 10.714286
A6: MA (3) | B6: =Forecast_Errors!J36 -> -0.18518519 | C6: =Forecast_Errors!J37 -> 0.03005752 | D6: =Forecast_Errors!J38 -> 12.185185
A7: MA (5) | B7: =Forecast_Errors!N36 -> -0.24 | C7: =Forecast_Errors!N37 -> 0.025684545 | D7: =Forecast_Errors!N38 -> 9.92
A8: Exp. Smoothing (α = 0.5) | B8: =Forecast_Errors!R36 -> -0.10344828 | C8: =Forecast_Errors!R37 -> 0.031435032 | D8: =Forecast_Errors!R38 -> 13.137931

Sheet Forecast_Methods_Reference
A1: Section 4 (optional, recommended): Forecast_Methods_Reference
B3: Naïve Forecast
B10: Cumulative Mean
B18: Moving Average Forecast | H18: Exponential Smoothing
